{
  "/_astro/03_1ecJ4T.webp": 174428,
  "/_astro/06_1gNyMD.webp": -431444,
  "/_astro/06_Z2s0zU3.webp": -431444,
  "/_astro/1-dark.BivCfSmu_Z1BFPSa.webp": 174627,
  "/_astro/1-light.ClVuZxd5_Z1g9Oj3.webp": 170467,
  "/_astro/2-dark.prgZMrfY_Z1exqGN.webp": 174626,
  "/_astro/2-light.DLXS38ks_ZXNxHS.webp": 170467,
  "/_astro/3-dark.CGQcMuXC_Z28xNQs.webp": 174627,
  "/_astro/3-light.8aAAK8Ad_2oyxts.webp": 170467,
  "/_astro/4-dark.CKqTknpt_2qCYkU.webp": 174627,
  "/_astro/4-light.DIUeDw9p_ZrQwsm.webp": 170467,
  "/_astro/sheep-1_Z1oN8eA.webp": 173732,
  "/_astro/sheep-2_1dmx2a.webp": -174620,
  "/_astro/sheep-3_Z1eDUv1.webp": 173732,
  "/_astro/sheep-4_1nvJKJ.webp": -97053,
  "/_astro/sheep-5_Z14uHLr.webp": -97053
}
